{"cameraMode":{"drawMode":0,"name":"Shaded","section":"Shading Mode"},"sceneLighting":false,"audioPlay":false,"sceneViewState":{"m_AlwaysRefresh":false,"showFog":true,"showSkybox":false,"showFlares":true,"showImageEffects":true,"showParticleSystems":true,"showVisualEffectGraphs":true,"m_FxEnabled":true},"in2DMode":false,"pivot":{"x":1.0084192752838135,"y":2.5752456188201906,"z":-4.222504615783691},"rotation":{"x":0.19151584804058076,"y":0.12366244196891785,"z":-0.021971842274069787,"w":0.9733853340148926},"size":1.5607495307922364,"orthographic":false}